company,ats,url,status,jobs_collected,error
Audacy,iCIMS,https://careers-audacy.icims.com/jobs/search?ss=1,ok,110,enumerated_jobs=180
Beasley Media Group,ApplyToJob / JazzHR,https://beasleymediagroup.applytojob.com/apply/?selected_category=-1&selected_jobtype=-1&selected_location=-1,ok,5,"feed_filter_rejected=Program Director, WPEN-FM 97.5, Philadelphia:not_fresh"
Bonneville,Workday,https://deseretmanagement.wd1.myworkdayjobs.com/BonSaltLake,ok,1,
CBC/Radio-Canada,Workday,https://cbcrc.wd3.myworkdayjobs.com/CBC_Radio-Canada_Jobs/,ok,40,
Connoisseur Media,Paycor,https://recruitingbypaycor.com/career/CareerHome.action?clientId=8a7883d082ae53c80182f17d3aba194b,ok,103,
Corus,Dayforce,https://can241.dayforcehcm.com/CandidatePortal/en-US/corusent/Site/CORUS,ok,16,"feed_filter_rejected=Sales Assistant, Book Publishing:not_fresh"
Dick Broadcasting Company,Paylocity,https://recruiting.paylocity.com/recruiting/jobs/All/da27c45a-0c7a-4cbe-a575-3444d884e49b/Dick-Broadcasting-Company-Inc,ok,3,feed_filter_rejected=Media Market Manager – Myrtle Beach:not_fresh
Educational Media Foundation,Company Career Site,https://www.klove.com/about/careers,ok,9,enumerated_detail_urls=40; feed_filter_rejected=Care Team Specialist I:not_fresh ; Security Officer - Overnight:not_fresh ; Care Team Specialist I - Overnight Shift (Remote):not_fresh ; Field Engineer:not_fresh ; Senior Marketing Manager:not_fresh
Good Karma Brands,ADP Workforce Now,https://workforcenow.adp.com/mascsr/default/mdf/recruitment/recruitment.html?cid=fc5961f7-407a-4cc5-990c-a15241a03d70&ccId=19000101_000001&lang=en_US,ok,5,
Hope Media Group,Paylocity,https://recruiting.paylocity.com/Recruiting/Jobs/All/86640b12-f72f-4e87-9766-d49997610d4c,ok,3,feed_filter_rejected=Procurement Coordinator:not_fresh
Hubbard Broadcasting,ADP,https://myjobs.adp.com/hubbardbroadcasting/cx/job-listing,zero_or_not_enumerable,0,
iHeartMedia,Workday,https://iheartmedia.wd5.myworkdayjobs.com/External_iHM/jobs,ok,40,
Meruelo Media,Oracle Taleo,https://phe.tbe.taleo.net/phe02/ats/careers/v2/searchResults?org=GRANDSIERRARESORT&cws=66,ok,7,non_media_scope_rejected=1; feed_filter_rejected=Associate Corporate Counsel:not_fresh ; Asst. Project Manager - Entry Level:not_fresh ; Billing Clerk:not_fresh ; Fleet Manager:not_fresh ; Safety Supervisor:not_fresh
Norsan Media,Betterteam,https://norsanmedia.betterteam.com/,ok,5,feed_filter_rejected=Bilingual Sales Consultant:not_fresh ; Bilingual Sales Consultant:not_fresh ; Bilingual Sales Consultant:not_fresh ; Bilingual Sales Consultant:not_fresh
NRG Media,Paylocity,https://recruiting.paylocity.com/recruiting/jobs/All/76da5c58-0cdb-4886-86b6-41d72879e541/NRG-MEDIA-LLC,enumerated_no_fresh_jobs,0,enumerated_jobs=6
Salem Media Group,iCIMS,https://careers-salemmedia.icims.com/jobs/search?ss=1&searchRelation=keyword_all,ok,32,feed_filter_rejected=Production Intern - Joe Piscopo Show:not_fresh ; Promotions Coordinator:not_fresh ; Technical Producer/Board Operator:not_fresh ; Technical Producer/Board Operator:not_fresh ; Board Operator:not_fresh ; Account Executive Sales:not_fresh ; Account Executive Sales:not_fresh ; Board Operator:not_fresh ; Account Executive Sales:not_fresh ; Account Executive Sales:not_fresh ; Account Executive Sales:not_fresh ; Account Executive Bi-Lingual:not_fresh
Sun Broadcasting,ApplyToJob / JazzHR,https://sunbroadcasting.applytojob.com/apply,ok,1,feed_filter_rejected=Part-Time Radio Announcer:not_fresh
Urban One,ADP Workforce Now,https://workforcenow.adp.com/mascsr/default/mdf/recruitment/recruitment.html?cid=ec7ee775-68fd-42a7-89a5-d8e1ff330cbf&ccId=19000101_000002&type=MP&locale=en_US,ok,5,feed_filter_rejected=R1 Board Operator:not_fresh ; R1 Promotions Assistant:not_fresh
Vista Radio,Dayforce,https://jobs.dayforcehcm.com/en-US/westerkirk/VISTARADIOCORPORATECAREERS,ok,1,
Zimmer,iSolved Hire,https://zimmercommunications.isolvedhire.com/jobs/,zero_or_not_enumerable,0,
Adams Radio Group,Company Career Site,https://www.adamsradiogroup.com/careers/,zero_or_not_enumerable,0,
Bell Media,Company Career Site,https://jobs.bell.ca/ca/en/c/media-jobs,zero_or_not_enumerable,0,
Blackburn Media,Company Career Site,https://blackburnmedia.ca/careers,zero_or_not_enumerable,0,
Cox Media Group,SAP SuccessFactors,https://careers.cmg.com/go/All-Jobs/9298500/,ok,85,
Cumulus Media,Company Career Site,https://jobs.cumulusmedia.com/careers,zero_or_not_enumerable,0,
Curtis Media,Company Career Site,https://www.curtismedia.net/career-opportunities/,zero_or_not_enumerable,0,
Evanov,Company Career Site,https://evanov.ca/careers,zero_or_not_enumerable,0,
Federated Media,Company Career Site,https://www.federatedmedia.com/careers/,ok,2,
Leighton Media,Company Career Site,https://www.leighton.media/careers/open-positions/,zero_or_not_enumerable,0,
Lotus,Company Career Site,https://www.lotuscorp.com/category/careers/,zero_or_not_enumerable,0,
Maritime Broadcasting System,Company Career Site,https://www.mbsradio.com/careers/,zero_or_not_enumerable,0,
Midwest Communications,Paylocity,https://recruiting.paylocity.com/recruiting/jobs/All/0cb3a074-2113-4e9e-a32d-27e40c132e62/Midwest-Communications,ok,3,enumerated_jobs=12
Pattison Media,Company Career Site,https://www.pattisonmedia.com/careers,zero_or_not_enumerable,0,
Renda Media,Company Career Site,https://rendamedia.com/careers,zero_or_not_enumerable,0,
Rogers Sports & Media,Company Career Site,https://jobs.rogers.com/go/Rogers-Sports-and-Media/8824500/,zero_or_not_enumerable,0,
Saga Communications,Company Career Site,https://sagacom.com/careers/,zero_or_not_enumerable,0,
Spanish Broadcasting System,ADP Workforce Now,https://workforcenow.adp.com/mascsr/default/mdf/recruitment/recruitment.html?ccId=19000101_000001&cid=e18ac2b4-138f-4112-9e15-44fdf8b16f9b&lang=en_US,ok,2,
Stingray,Company Career Site,https://jobs.stingray.com/career-opportunities/,zero_or_not_enumerable,0,
Summit Media,ADP Workforce Now,https://workforcenow.adp.com/mascsr/default/mdf/recruitment/recruitment.html?ccId=19000101_000001&cid=f2bc0ab2-658e-428f-8db7-8aaeb797dbcd&lang=en_US&type=JS,ok,2,
Townsquare Media,Greenhouse,https://job-boards.greenhouse.io/townsquaremedia,ok,102,feed_filter_rejected=Account Executive:not_fresh ; Business Development Representative:not_fresh ; Multi-Media Account Executive:not_fresh ; Multi-Media Account Executive:not_fresh ; Multi-Media Account Executive:not_fresh ; Multi-Media Account Executive:not_fresh ; Multi-Media Account Executive:not_fresh ; Multi-Media Account Executive:not_fresh ; Multi-Media Account Executive:not_fresh ; Multi-Media Account Executive:not_fresh ; Multi-Media Account Executive:not_fresh ; Multi-Media Account Executive:not_fresh
Capitol Broadcasting,Company Career Site,https://capitolbroadcasting.com/careers/,zero_or_not_enumerable,0,
Fox Television,Workday,https://fox.wd1.myworkdayjobs.com/en-US/Domestic,ok,40,
Gray Media,UKG Pro,https://recruiting.ultipro.com/GRA1017GRYT/JobBoard/ae441110-89bd-444d-8ad2-b76c7b9db7a9/?q=&o=postedDateDesc&w=&wc=&we=&wpst=,ok,240,
Hallmark,Company Career Site,https://careers.hallmark.co.uk/viewalljobs/,zero_or_not_enumerable,0,
Hearst,Oracle Recruiting Cloud,https://eevd.fa.us6.oraclecloud.com/hcmUI/CandidateExperience/en/sites/CX_6/jobs,ok,52,feed_filter_rejected=John DiStaso Political Fellowship:not_fresh ; Account Executive - OTT Sales:not_fresh ; WLKY - MMJ Reporter:not_fresh ; Part-Time Camera Operator:not_fresh ; Producer - Gulf Coast News NBC:not_fresh ; Investigative Producer:not_fresh ; Digital Sales Manager:not_fresh ; Chief Engineer:not_fresh ; Meteorologist:not_fresh ; Broadcast IT Specialist:not_fresh ; News Reporter:not_fresh ; Assignment Editor:not_fresh
Morgan Murphy Media,Breezy HR,https://morgan-murphy-media.breezy.hr/,ok,3,feed_filter_rejected=TV Traffic Associate:not_fresh ; Sports Account Executive:not_fresh ; Multimedia Journalist:not_fresh
Newsmax,UKG Pro,https://recruiting.ultipro.com/NEW1027/JobBoard/3d5ae180-49c4-20f7-d7b4-adfe940978a7/?q=&o=postedDateDesc,ok,3,
Nexstar,Workday,https://nexstar.wd5.myworkdayjobs.com/nexstar,ok,40,
NFL,Greenhouse,https://job-boards.greenhouse.io/nflcareers?keyword=broadcast&offices%5B%5D=4003941008,ok,36,"feed_filter_rejected=Administrative Assistant (External Agency Staff):not_fresh ; Associate, Financial Reporting & Technical Accounting (External Agency Staff):not_fresh ; Coordinator, Accounting - Global Media:not_fresh ; Director, Event Partnership Strategy & Development:not_fresh ; Director, Professional & Adult Competitive Flag Football:not_fresh ; Manager, Finance - League Corporate:not_fresh ; Manager, Revenue & Strategy:not_fresh ; Manager, Sponsorship New Business:not_fresh ; Part-Time Coordinator, Real-Time Systems:not_fresh ; Part-Time Digital Video Editor:not_fresh ; Part-Time Media Design Group Designer/Animator:not_fresh ; Seasonal Bilingual Video Editor, Global Creative Marketing:not_fresh"
NPG,Company Career Site,https://www.npgco.com/careers/,zero_or_not_enumerable,0,
PGA,Workday,https://pgahq.wd1.myworkdayjobs.com/PGAHQ,ok,3,
QVC,Workday,https://qvc.wd5.myworkdayjobs.com/QRG,ok,40,"feed_filter_rejected=Principal Engineer - IT Operations:not_fresh ; Art Director:not_fresh ; Senior Operations Manager:not_fresh ; Manager, Global Sourcing - Kitchen and Culinary:not_fresh ; ICQA Fulfillment Center Equipment Operator - 1st and 2nd Shift:not_fresh ; Retail Store Manager:not_fresh ; Retail Store Manager:not_fresh ; Design Consultant Full Time:not_fresh"
Scripps,Workday,https://scripps.wd115.myworkdayjobs.com/Scripps_Careers,ok,35,"feed_filter_rejected=Senior Director of News, KTNV:not_fresh ; Meteorologist, KOAA:not_fresh ; Account Executive, KMVT - Twin Falls:not_fresh ; Sr. Account Manager, SMB Growth & Direct Response:not_fresh ; Producer, KIVI (Part Time):not_fresh ; Multimedia Journalist, KTNV:not_fresh ; Reporter/MMJ, Mornings, KTNV:not_fresh ; Executive Reporter, KMGH:not_fresh ; Producer, KKTV:not_fresh ; Morning Anchor/MMJ, KGUN:not_fresh ; Multimedia Journalist, KSHB:not_fresh ; Sales Support Assistant - DR:not_fresh"
Sinclair,Oracle Recruiting Cloud,https://edyy.fa.us2.oraclecloud.com/hcmUI/CandidateExperience/en/sites/CX_2002/requisitions?mode=location,ok,101,"feed_filter_rejected=Multimedia Journalist:not_fresh ; Producer, Digital Content:not_fresh ; Sales and Marketing Specialist:not_fresh ; Sales and Marketing Specialist:not_fresh ; Sales and Marketing Specialist:not_fresh ; Sales and Marketing Specialist:not_fresh ; Weekend Anchor/Reporter:not_fresh ; Sales and Marketing Specialist:not_fresh ; Chief Engineer:not_fresh ; Master Control Operator:not_fresh ; Meteorologist:not_fresh"
TelevisaUnivision,Workday,https://univision.wd1.myworkdayjobs.com/External,ok,40,"feed_filter_rejected=Scheduling Coordinator:not_fresh ; Audio 2 Operator:not_fresh ; Utility:not_fresh ; Teleprompter Operator:not_fresh ; Reporter:not_fresh ; News Assignment Editor and Producer-Temp:not_fresh ; Manager, Payments:not_fresh ; Camera Operator, Jib:not_fresh ; Video Control Operator:not_fresh ; Graphics Operator:not_fresh ; Camera Operator, Hard:not_fresh ; Photographer and Editor - Temp:not_fresh"
Weather Group,ADP Workforce Now,https://workforcenow.adp.com/mascsr/default/mdf/recruitment/recruitment.html?cid=20c3677e-ce5f-400f-9d8d-173f5a852a5d&ccId=19000101_000001&type=JS&lang=en_US,ok,4,feed_filter_rejected=Weather Producer:not_fresh ; Producer-Live Programming:not_fresh ; Director of Meteorology:not_fresh
Weigel,Paylocity,https://recruiting.paylocity.com/recruiting/jobs/All/7cbe86ee-b534-47b4-9c82-d15e8b55a6cb/Weigel-Broadcasting-Co,ok,3,feed_filter_rejected=Investigative Producer/Reporter:not_fresh
WWE,Workday,https://wwecorp.wd5.myworkdayjobs.com/wwecorp,ok,9,"feed_filter_rejected=Project Manager:not_fresh ; Director, Business Development:not_fresh ; Road Production Assistant:not_fresh ; Executive Assistant:not_fresh"
CNN,Company Career Site,https://careers.wbd.com/global/en/cnn-jobs,ok,3,"feed_filter_rejected=Senior Technical Program Manager:not_fresh ; Senior Software Engineer:not_fresh ; Product Designer II, New Business:not_fresh"
Disney / ABC,Company Career Site,https://jobs.disneycareers.com/search-jobs?k=ABC,zero_or_not_enumerable,0,
ESPN,Company Career Site,https://www.disneycareers.com/en/search-jobs/ESPN/391/1,zero_or_not_enumerable,0,
FOX,Company Career Site,https://www.foxcareers.com/Search/SearchResults,ok,145,"feed_filter_rejected=Senior Union Payroll Associate:not_fresh ; Streaming Host/Producer:not_fresh ; Audience Engagement Manager, LiveNOW from FOX:not_fresh ; Line Producer, America's Newsroom:not_fresh ; Freelance Producer:not_fresh ; Senior Analyst, Finance Systems:not_fresh ; Manager, Accounting & Financial Reporting:not_fresh ; Marketing Manager - U.S. Hispanic:not_fresh ; Marketing Coordinator:not_fresh ; Associate Producer, Making Money with Charles Payne:not_fresh ; Manager Care Ops (LatAm):not_fresh ; Platform Ops & Delivery (Sr. SDET):not_fresh"
Mission Broadcasting,Company Career Site,https://missionbroadcastinginc.com/careers/,zero_or_not_enumerable,0,
NBA,Company Career Site,https://careers.nba.com/c/media-production-development-jobs,ok,3,"feed_filter_rejected=Technical Manager, Local Media:not_fresh ; Local Game Production Supervisor (Coordinating Producer):not_fresh ; Project Employee, Digital Content Publishing – NBA App, NBA.com:not_fresh"
NBCUniversal,Company Career Site,https://www.nbcunicareers.com/find-a-job?aoi=2237#jobs_search-react-main-wrapper,ok,250,"feed_filter_rejected=Coordinator, Digital Marketing:not_fresh ; Sr. Manager, Business Operations:not_fresh ; Contracts Specialist, Business & Legal Affairs Admin:not_fresh ; Facility Technician:not_fresh ; Senior Producer (Pillar) | Producteur(trice) principal(e) (Pilier):not_fresh ; Product Designer:not_fresh ; Director, Media Experimentation & Engagement:not_fresh ; Director, Media Experimentation & Engagement:not_fresh ; Director, Human Resources:not_fresh ; Senior RL Engineer - Ingénieur(e) principal(e) en apprentissage par renforcement:not_fresh ; Systems Engineer, NBC & Telemundo Connecticut:not_fresh ; Digital Operations Specialist, Local:not_fresh"
Paramount,Company Career Site,https://careers.paramount.com/go/All-Current-Job-Opportunities/8710000/,ok,285,"feed_filter_rejected=DevOps Engineer:not_fresh ; HR Operations Specialist:not_fresh ; Broadcast Engineer:not_fresh ; Senior Software Engineer:not_fresh ; Sr Social Media Producer, NFL on CBS:not_fresh ; WGA Line Producer:not_fresh ; Coordinator, Records and Administrative Services:not_fresh ; Software Engineer:not_fresh ; Director Oracle Analytics:not_fresh ; Sr Manager, Retail Development:not_fresh ; Lead Software Engineer (Java) in Test:not_fresh ; 403(g) Maintenance Technician:not_fresh"
TBN,Company Career Site,https://www.tbn.org/about/careers,zero_or_not_enumerable,0,
TEGNA,Greenhouse,https://job-boards.greenhouse.io/tegnainc,ok,246,feed_filter_rejected=Accounting/Tax Manager:not_fresh ; Account Manager:not_fresh ; Broadcast Hub Operator:not_fresh ; Commercial Producer:not_fresh ; Creative Marketing Producer:not_fresh ; Creative Marketing Producer:not_fresh ; Executive Producer:not_fresh ; FAST Support Analyst:not_fresh ; Host Producer:not_fresh ; Hybrid Cloud Engineer:not_fresh ; Ingest Operator:not_fresh ; Marketing Operations Coordinator:not_fresh
American Public Media Group,UKG Pro,https://recruiting2.ultipro.com/AME1098APMG/JobBoard/4b7ae4eb-a67b-4318-80fc-6d9467f9c542/?q=&o=postedDateDesc&w=&wc=&we=&wpst=,ok,14,
Dotdash Meredith / People Inc,Workday,https://meredith.wd5.myworkdayjobs.com/EXT,ok,21,"feed_filter_rejected=Account Strategist:not_fresh ; Associate Director, Brand Partnerships:not_fresh ; Senior Integrated Producer:not_fresh ; Manager, Events Sponsorships:not_fresh ; Senior Software Engineer, 1:not_fresh ; Associate Content Creator - PEOPLE:not_fresh ; Senior Analyst, Research & Insights:not_fresh ; Senior Analyst, Digital Pricing:not_fresh ; Senior Account Strategist:not_fresh ; Marketing Manager, Travel:not_fresh"
Gannett / USA TODAY Co.,Dayforce,https://jobs.dayforcehcm.com/en-US/gannett/CANDIDATEPORTAL?searchText=,ok,22,
Hearst Newspapers,Oracle Recruiting Cloud,https://eevd.fa.us6.oraclecloud.com/hcmUI/CandidateExperience/en/sites/CX_8007/jobs?mode=location,ok,36,"feed_filter_rejected=Customer Success Strategist:not_fresh ; Director, Marketing Operations:not_fresh ; Deputy Editor, Breaking News and Live:not_fresh ; Digital Producer:not_fresh ; Digital Media Advisor:not_fresh ; Digital Media Advisor:not_fresh ; Account Executive:not_fresh ; Director of Finance:not_fresh ; Senior Audience Producer:not_fresh ; Huron Daily Tribune News Reporter:not_fresh ; Deputy Photo Editor:not_fresh ; Senior Director of Audience Growth and Engagement:not_fresh"
Lee Enterprises,Dayforce,https://jobs.dayforcehcm.com/en-US/leeenterprises/CANDIDATEPORTAL,ok,15,
McClatchy,Company Career Site,https://mcclatchy.com/careers,zero_or_not_enumerable,0,
New York Post,Workday,https://dowjones.wd1.myworkdayjobs.com/New_York_Post_Careers,ok,23,"feed_filter_rejected=Sports Account Executive, Ad Sales:not_fresh ; Associate Commerce Editor:not_fresh ; Senior Reporter, News Features:not_fresh ; Lifestyle Trending News Editor:not_fresh ; Editorial Page Assistant Editor:not_fresh ; Audience Development Specialist (SEO), The California Post:not_fresh ; Part-Time Social Media Editor, California Post:not_fresh ; Join Our Talent Community!:not_fresh"
NPR,Greenhouse,https://job-boards.greenhouse.io/nationalpublicradioinc,ok,15,"feed_filter_rejected=Manager, Mobile Software Engineering:not_fresh ; Senior Vice President, NPR Content Strategy & Business Development:not_fresh"
Tampa Bay Times Group,ADP Workforce Now,https://workforcenow.adp.com/mascsr/default/mdf/recruitment/recruitment.html?cid=8c64d493-1027-445e-9378-39c4e859f2b6&ccId=19000101_000001&lang=en_US,zero_or_not_enumerable,0,
Tribune,Workday,https://myworkdaycenter.wd5.myworkdayjobs.com/TPCO,zero_or_not_enumerable,0,
Woodward Communications,Paycom,https://www.paycomonline.net/v4/ats/web.php/jobs?clientkey=41E82EC60AAD792EC7018E3AB22DE8D2,zero_or_not_enumerable,0,
Associated Press (AP),SAP SuccessFactors,https://careers.ap.org/go/View-All-Jobs/4304700/,ok,2,
NETA,Company Career Site,https://www.netaonline.org/careers-public-media,zero_or_not_enumerable,0,
Vox Media,Company Career Site,https://www.voxmedia.com/jobs/,zero_or_not_enumerable,0,
WSJ/Dow Jones,Workday,https://dowjones.wd1.myworkdayjobs.com/Dow_Jones_Career,error,0,RuntimeError('v28 domain request cap reached for dowjones.wd1.myworkdayjobs.com: 175')
Washington Post,Workday,https://washpost.wd5.myworkdayjobs.com/washingtonpostcareers,ok,27,"feed_filter_rejected=Associate Director, Public & Corporate Affairs Agency Development:not_fresh ; Corporate Development & Strategy Director:not_fresh ; Senior HR Business Partner:not_fresh ; Staff Software Engineer, iOS:not_fresh ; Programmatic Client Solutions Lead:not_fresh ; Senior Director, Artificial Intelligence:not_fresh ; Executive Operations Manager, Arc XP:not_fresh ; National Business Reporter:not_fresh ; Lead Partnership Operations:not_fresh ; Principal, Partnership Strategy & Analytics:not_fresh ; Information and Influence Reporter:not_fresh ; General Assignment Reporter, Business and Technology:not_fresh"
ASCAP,JobScore,https://careers.jobscore.com/careers/ascap,ok,3,
Big Machine,BMG Career Portal,https://jobsearch.createyourowncareer.com/BMG/search/,zero_or_not_enumerable,0,
Cook Media Global,Paycom,https://www.paycomonline.net/v4/ats/web.php/jobs?clientkey=B59CEE098263BB5FD7A7C223F0B3B11A&jpt=,zero_or_not_enumerable,0,
ONErpm,Rippling ATS,https://onerpm.rippling-ats.com/,ok,12,feed_filter_rejected=Assistente de Operações - Suporte:not_fresh ; Regional APAC Digital Marketing Manager (Malaysia):not_fresh ; ONErpm Brasil | BU Lead - Samba:not_fresh ; ONErpm Brasil | BU Lead - NNE:not_fresh
SESAC,ADP Workforce Now,https://workforcenow.adp.com/mascsr/default/mdf/recruitment/recruitment.html?cid=7fbf632a-2131-43fc-9a6b-03efa4b54e87&ccId=19000101_000001&type=JS&lang=en_US,ok,4,feed_filter_rejected=Customer Service Representative - CCLI (Eastbourne):not_fresh ; Office Manager - Audio Network (France):not_fresh ; Customer Service Supervisor- CCLI (Vancouver):not_fresh ; Customer Service Rep- CCLI (Vancouver):not_fresh
Sony Music Entertainment,Greenhouse,https://job-boards.greenhouse.io/sonymusicentertainment,ok,137,feed_filter_rejected=Candidature spontanée F/H/NB:description_lt_200
Universal Music Group,Workday,https://umusic.wd5.myworkdayjobs.com/UMGUS/,ok,10,"feed_filter_rejected=Senior Manager, Data Engineering:not_fresh"
Warner Music Group,Workday,https://wmg.wd1.myworkdayjobs.com/WMGUS/jobs,ok,21,"feed_filter_rejected=Director/Senior Director, Deal Structuring & Valuation:not_fresh ; Sr. Accountant 2:not_fresh ; Procurement Analyst, Indirect:not_fresh ; Sr. Manager, Global Digital Accounts:not_fresh ; Manager, Inventory Operations:not_fresh ; Coordinator, Business & Legal Affairs & Contract Administration:not_fresh ; Senior Director, Brand Partnerships:not_fresh ; Senior Director, Marketing:not_fresh ; Sr. Analyst, Financial:not_fresh ; Data Scientist:not_fresh"
Amazon Music,Company Career Site,https://www.amazon.jobs/content/en/teams/amazon-entertainment/music,zero_or_not_enumerable,0,
BMI,Company Career Site,https://careers.bmi.com/jobs/,zero_or_not_enumerable,0,
PBS,Workday,https://vhr-pbs.wd115.myworkdayjobs.com/PBSCareers,zero_or_not_enumerable,0,
AccuWeather,Company Career Site,https://corporate.accuweather.com/company/careers/,zero_or_not_enumerable,0,
Christian Music Broadcasters (CMB),Company Career Site,https://cmbonline.org/jobs/?search_keywords=&search_location=&filter_job_type%5B%5D=full-time&filter_job_type%5B%5D=internship&filter_job_type%5B%5D=part-time&filter_job_type%5B%5D=,zero_or_not_enumerable,0,
Graham Media,Company Career Site,https://www.grahammedia.com/careers-jobs,zero_or_not_enumerable,0,
RTDNA,Company Career Site,https://careers.rtdna.org/jobs?locale=en&sort=date&keywords=broadcast,ok,18,"feed_filter_rejected=Audio and Operations Specialist:not_fresh ; Career-track clinical or teaching professor (digital reporting and editing):not_fresh ; Assistant News Director:not_fresh ; Lead Producer:not_fresh ; Executive Producer:not_fresh ; Digital Content Producer:not_fresh ; News Reporter:not_fresh ; Weekend Senior Producer, LiveNOW:not_fresh ; Weekend Host/Producer, LiveNOW (Phoenix, AZ):not_fresh ; Weekend Host/Producer, LiveNOW (Orlando, FL):not_fresh"
SiriusXM,Phenom People,https://careers.siriusxm.com/careers/jobs,ok,31,"feed_filter_rejected=Senior Staff Portfolio Manager:not_fresh ; People Partner:not_fresh ; Senior Manager, Brand Marketing:not_fresh ; Director, Creative Services:not_fresh ; Audio Editor, DC Sports Newsroom (Part-Time):not_fresh ; Imaging Producer, Music Programming:not_fresh ; Senior Manager, Platform Engineering and Delivery:not_fresh ; Vice President, Consumer Strategy:not_fresh ; Events and Promotions Assistant - Part Time:not_fresh ; Senior Analyst, Marketing Ops:not_fresh ; Group Vice President, Consumer Marketing:not_fresh ; Senior Analyst, Operations:not_fresh"
Townsquare Ignite,Company Career Site,https://townsquareignite.com/careers/#job-openings,ok,102,feed_filter_rejected=Account Executive:not_fresh ; Business Development Representative:not_fresh ; Multi-Media Account Executive:not_fresh ; Multi-Media Account Executive:not_fresh ; Multi-Media Account Executive:not_fresh ; Multi-Media Account Executive:not_fresh ; Multi-Media Account Executive:not_fresh ; Multi-Media Account Executive:not_fresh ; Multi-Media Account Executive:not_fresh ; Multi-Media Account Executive:not_fresh ; Multi-Media Account Executive:not_fresh ; Multi-Media Account Executive:not_fresh
TuneIn,Company Career Site,https://cms.tunein.com/careers/,zero_or_not_enumerable,0,
The New York Times,Greenhouse,https://job-boards.greenhouse.io/thenewyorktimes,ok,136,
Axios,Greenhouse,https://job-boards.greenhouse.io/axios,ok,16,"feed_filter_rejected=Associate Director, Event Production:not_fresh ; Director, Client Partnerships (Advocacy & Public Affairs):not_fresh ; Director, Editorial Booking:not_fresh ; Head of Editorial, Axios Live:not_fresh ; Senior Director, Engineering:not_fresh ; Senior Producer:not_fresh ; Software Engineer:not_fresh ; Staff Software Engineer:not_fresh ; SVP, Product:not_fresh"
Semafor,Greenhouse,https://job-boards.greenhouse.io/semafor,ok,2,feed_filter_rejected=Senior Accountant:not_fresh
WaitWhat,Lever,https://jobs.lever.co/waitwhat,zero_or_not_enumerable,0,
Suno,Ashby,https://jobs.ashbyhq.com/suno,ok,23,"feed_filter_rejected=iOS Engineer:not_fresh ; Payroll Manager:not_fresh ; People Partner:not_fresh ; Senior / Staff Data Scientist, Growth Monetization:not_fresh ; Director, Trust & Safety:not_fresh ; Senior UX Researcher, Mixed Methods (Quant-Leaning):not_fresh ; Engineering Manager - Social:not_fresh ; Senior UX Researcher, Qualitative:not_fresh ; Trust & Safety Operations Manager:not_fresh ; Privacy Engineering Lead:not_fresh ; Workplace Project Coordinator (Contractor):not_fresh"
Spotify,Lever,https://jobs.lever.co/spotify,zero_or_not_enumerable,0,
UnitedMasters,Greenhouse,https://job-boards.greenhouse.io/unitedmasterstranslation,ok,22,feed_filter_rejected=Brand & Sync Partnerships Director:not_fresh ; Business Director:not_fresh ; Head of Legal:not_fresh ; Program Manager:not_fresh ; Program Manager:not_fresh ; Sr. Producer:not_fresh ; Sr. Program Manager:not_fresh
SoundCloud,Greenhouse,https://job-boards.greenhouse.io/soundcloud71,ok,14,feed_filter_rejected=Senior iOS Engineer:not_fresh ; Senior Machine Learning Engineer - Recommendations (Experience):not_fresh
Reservoir Media,Ashby,https://jobs.ashbyhq.com/reservoir-media,zero_or_not_enumerable,0,
Downtown Music,Greenhouse,https://job-boards.greenhouse.io/downtownmusic,error,0,HTTPError('404 Client Error: Not Found for url: https://boards-api.greenhouse.io/v1/boards/downtownmusic/jobs?content=true')
Complex,Lever,https://jobs.lever.co/Complex,zero_or_not_enumerable,0,
143 Studios,Greenhouse,https://job-boards.greenhouse.io/143studiosinc,ok,1,feed_filter_rejected=Head of Social:not_fresh
Feld Entertainment,Lever,https://jobs.lever.co/feldinc,zero_or_not_enumerable,0,
Stephens Media Group,Company Career Site,https://cherryfm.com/smg-jobs/,zero_or_not_enumerable,0,
Pamal Broadcasting,Company Career Site,https://www.pamal.com/jobs1/jobs/,zero_or_not_enumerable,0,
Mid-West Family of Companies,Company Career Site,https://midwestfamilyofcompanies.org/work-for-us/,ok,5,
TSMG,Lever,https://jobs.lever.co/tsmg,zero_or_no_fresh_voiceover_jobs,0,voiceover_matches=0; stale_matches=1; rows_checked=100
Filmless,SmartRecruiters,https://jobs.smartrecruiters.com/Filmless,zero_or_no_fresh_voiceover_jobs,0,voiceover_matches=0; stale_matches=1; rows_checked=6
CrowdGen/Appen,Lever,https://jobs.lever.co/appen,no_qualifying_voiceover_titles,0,genuine_voiceover_titles=0; rows_checked=54; speech testing and validation excluded
