Industry,Company,ATS,URL,Active
Radio,Audacy,iCIMS,https://careers-audacy.icims.com/jobs/search?ss=1,True
Radio,Beasley Media Group,ApplyToJob,https://beasleymediagroup.applytojob.com/apply/,True
Radio,Bonneville,Workday,https://deseretmanagement.wd1.myworkdayjobs.com/BonSaltLake,True
Radio,CBC/Radio-Canada,Workday,https://cbcrc.wd3.myworkdayjobs.com/CBC_Radio-Canada_Jobs/,True
Radio,Dick Broadcasting,Paylocity,https://recruiting.paylocity.com/recruiting/jobs/All/da27c45a-0c7a-4cbe-a575-3444d884e49b/Dick-Broadcasting-Company-Inc,True
Radio,Educational Media Foundation,iCIMS,https://careers-kloveair1.icims.com/jobs/search?hashed=-435656068,True
Radio,Hubbard Broadcasting,ADP,https://myjobs.adp.com/hubbardbroadcasting/cx/job-listing,True
Radio,iHeartMedia,Workday,https://iheartmedia.wd5.myworkdayjobs.com/External_iHM/jobs,True
Radio,NRG Media,Paylocity,https://recruiting.paylocity.com/recruiting/jobs/All/76da5c58-0cdb-4886-86b6-41d72879e541/NRG-MEDIA-LLC,True
Radio,Salem Media Group,iCIMS,https://careers-salemmedia.icims.com/jobs/search?ss=1&searchRelation=keyword_all,True
Radio,Urban One,ADP,https://workforcenow.adp.com/mascsr/default/mdf/recruitment/recruitment.html?cid=ec7ee775-68fd-42a7-89a5-d8e1ff330cbf&ccId=19000101_000002&type=MP&locale=en_US,True
Television,Gray Media,UKG Pro,https://recruiting.ultipro.com/GRA1017GRYT/JobBoard/ae441110-89bd-444d-8ad2-b76c7b9db7a9/?q=&o=postedDateDesc,True
Television,Hearst,Oracle,https://eevd.fa.us6.oraclecloud.com/hcmUI/CandidateExperience/en/sites/CX_6/jobs,True
Television,Morgan Murphy Media,Breezy,https://morgan-murphy-media.breezy.hr/,True
Television,Nexstar,Workday,https://nexstar.wd5.myworkdayjobs.com/nexstar,True
Television,NFL,Greenhouse,https://job-boards.greenhouse.io/nflcareers,True
Television,QVC,Workday,https://qvc.wd5.myworkdayjobs.com/QRG,True
Television,Scripps,Workday,https://scripps.wd115.myworkdayjobs.com/Scripps_Careers,True
Television,Sinclair,Oracle,https://edyy.fa.us2.oraclecloud.com/hcmUI/CandidateExperience/en/sites/CX_2002/requisitions?mode=location,True
Television,TelevisaUnivision,Workday,https://univision.wd1.myworkdayjobs.com/External,True
Television,WWE,Workday,https://wwecorp.wd5.myworkdayjobs.com/wwecorp,True
Journalism,American Public Media Group,UKG Pro,https://recruiting2.ultipro.com/AME1098APMG/JobBoard/4b7ae4eb-a67b-4318-80fc-6d9467f9c542/,True
Journalism,Dotdash Meredith / People Inc,Workday,https://meredith.wd5.myworkdayjobs.com/EXT,True
Journalism,Gannett / USA TODAY Co.,Dayforce,https://jobs.dayforcehcm.com/en-US/gannett/CANDIDATEPORTAL,True
Journalism,Hearst Newspapers,Oracle,https://eevd.fa.us6.oraclecloud.com/hcmUI/CandidateExperience/en/sites/CX_8007/jobs?mode=location,True
Journalism,Lee Enterprises,Dayforce,https://jobs.dayforcehcm.com/en-US/leeenterprises/CANDIDATEPORTAL,True
Journalism,New York Post,Workday,https://dowjones.wd1.myworkdayjobs.com/New_York_Post_Careers,True
Journalism,NPR,Greenhouse,https://job-boards.greenhouse.io/nationalpublicradioinc,True
Music Industry,ASCAP,JobScore,https://careers.jobscore.com/careers/ascap,True
Music Industry,ONErpm,Rippling,https://onerpm.rippling-ats.com/,True
Music Industry,Sony Music Entertainment,Greenhouse,https://job-boards.greenhouse.io/sonymusicentertainment,True
Music Industry,Universal Music Group,Workday,https://umusic.wd5.myworkdayjobs.com/UMGUS/,True
Music Industry,Warner Music Group,Workday,https://wmg.wd1.myworkdayjobs.com/WMGUS/jobs,True
Digital,PBS,Workday,https://vhr-pbs.wd115.myworkdayjobs.com/PBSCareers,True
