issue,severity,company,title,job_id,work_arrangement,city,state,url,detail
location_recovered,info,Universal Music Group,"Globe Sync Agent (Advertising) - New York, New York",UMG-22527,On-Site,New York,NY,https://umusic.wd5.myworkdayjobs.com/UMGUS/job/Globe-Sync-Agent--Advertising-_UMG-22527,Recovered from a labelled title/description location
work_arrangement_corrected,info,Gannett / USA TODAY Co.,Remote Inside Sales Account Advisor,91806,Remote,,,https://jobs.dayforcehcm.com/en-US/gannett/CANDIDATEPORTAL/jobs/91806,Changed from On-Site to Remote using explicit job-level wording
missing_location,warning,CBC/Radio-Canada,Radio Production Assistant (Tout un matin) (On Call) (French Services) (On Site),JR00008753,On-Site,,,https://cbcrc.wd3.myworkdayjobs.com/CBC_Radio-Canada_Jobs/job/Adjointe-ou-Adjoint-de-ralisation--Radio---Surnumraire---Services-franais---Sur-Site-_JR00008753-1,No reliable city was found
missing_location,warning,ESPN,Selezione del personale a Roma e Bari - 6 e 8 ottobre 2026,1364551BR,On-Site,,,https://www.disneycareers.com/en/job/france/selezione-del-personale-a-roma-e-bari-6-e-8-ottobre-2026/391/100948324832,No reliable city was found
missing_location,warning,Federated Media,Promotions Director,https://federatedmedia.com/?post_type=job_listing&p=11620,On-Site,,,https://federatedmedia.com/job/promotions-director/,No reliable city was found
missing_location,warning,Gannett / USA TODAY Co.,Account Executive - Digital Marketing,91779,On-Site,,,https://jobs.dayforcehcm.com/en-US/gannett/CANDIDATEPORTAL/jobs/91779,No reliable city was found
missing_location,warning,Gannett / USA TODAY Co.,"Audience Editor, Entertainment",91728,On-Site,,,https://jobs.dayforcehcm.com/en-US/gannett/CANDIDATEPORTAL/jobs/91728,No reliable city was found
missing_location,warning,Gannett / USA TODAY Co.,"Audience Editor, News",91730,Remote,,,https://jobs.dayforcehcm.com/en-US/gannett/CANDIDATEPORTAL/jobs/91730,No reliable city was found
missing_location,warning,Gannett / USA TODAY Co.,"Audience Editor, Sports",91726,Remote,,,https://jobs.dayforcehcm.com/en-US/gannett/CANDIDATEPORTAL/jobs/91726,No reliable city was found
missing_location,warning,Gannett / USA TODAY Co.,"Content Creator, Entertainment",91718,Remote,,,https://jobs.dayforcehcm.com/en-US/gannett/CANDIDATEPORTAL/jobs/91718,No reliable city was found
missing_location,warning,Gannett / USA TODAY Co.,"Content Creator, Sports",91720,Remote,,,https://jobs.dayforcehcm.com/en-US/gannett/CANDIDATEPORTAL/jobs/91720,No reliable city was found
missing_location,warning,Gannett / USA TODAY Co.,"Content Creator, Sports",91722,Remote,,,https://jobs.dayforcehcm.com/en-US/gannett/CANDIDATEPORTAL/jobs/91722,No reliable city was found
missing_location,warning,Gannett / USA TODAY Co.,Data Science Manager,91735,On-Site,,,https://jobs.dayforcehcm.com/en-US/gannett/CANDIDATEPORTAL/jobs/91735,No reliable city was found
missing_location,warning,Gannett / USA TODAY Co.,Event Operations Manager,91750,Remote,,,https://jobs.dayforcehcm.com/en-US/gannett/CANDIDATEPORTAL/jobs/91750,No reliable city was found
missing_location,warning,Gannett / USA TODAY Co.,Messaging Specialist,91712,Remote,,,https://jobs.dayforcehcm.com/en-US/gannett/CANDIDATEPORTAL/jobs/91712,No reliable city was found
missing_location,warning,Gannett / USA TODAY Co.,Remote Inside Sales Account Advisor,91806,Remote,,,https://jobs.dayforcehcm.com/en-US/gannett/CANDIDATEPORTAL/jobs/91806,No reliable city was found
missing_location,warning,Gannett / USA TODAY Co.,Social Media Specialist,91714,Remote,,,https://jobs.dayforcehcm.com/en-US/gannett/CANDIDATEPORTAL/jobs/91714,No reliable city was found
missing_location,warning,Gannett / USA TODAY Co.,Social Video Specialist,91716,Remote,,,https://jobs.dayforcehcm.com/en-US/gannett/CANDIDATEPORTAL/jobs/91716,No reliable city was found
missing_location,warning,Paramount,"Manager, Social Media, Japan (Freelance, 12 months)",1429981600,On-Site,,,https://careers.paramount.com/job/Manager%2C-Social-Media%2C-Japan-%28Freelance%2C-12-months%29-107-0052/1429981600/,No reliable city was found
